first_name,last_name,email,gender
Alessandro,Lanon,alanon0@biblegateway.com,Male
Marjie,Vanyatin,mvanyatin1@last.fm,Female
Thaine,Freckingham,tfreckingham2@symantec.com,Male
Winonah,Hullah,whullah3@sina.com.cn,Female
Andras,Mutter,amutter4@networksolutions.com,Male
Eloisa,Bremner,ebremner5@etsy.com,Female
Irena,Bowker,ibowker6@harvard.edu,Female
Lorenza,Tuppeny,ltuppeny7@irs.gov,Female
Devlin,Blackburne,dblackburne8@nytimes.com,Male
Jodie,Purkins,jpurkins9@linkedin.com,Female
